proto,port
tcp,1
tcp,3
tcp,4
tcp,6
tcp,7
tcp,9
tcp,13
tcp,17
tcp,19
tcp,20
tcp,21
tcp,22
tcp,23
tcp,24
tcp,25
tcp,26
tcp,30
tcp,32
tcp,33
tcp,37
tcp,42
tcp,43
tcp,49
tcp,53
tcp,70
tcp,79
tcp,80
tcp,81
tcp,82
tcp,83
tcp,84
tcp,85
tcp,88
tcp,89
tcp,90
tcp,99
tcp,100
tcp,106
tcp,109
tcp,110
tcp,111
tcp,113
tcp,119
tcp,125
tcp,135
tcp,139
tcp,143
tcp,144
tcp,146
tcp,161
tcp,163
tcp,179
tcp,199
tcp,211
tcp,212
tcp,222
tcp,254
tcp,255
tcp,256
tcp,259
tcp,264
tcp,280
tcp,301
tcp,306
tcp,311
tcp,340
tcp,366
tcp,389
tcp,406
tcp,407
tcp,416
tcp,417
tcp,425
tcp,427
tcp,443
tcp,444
tcp,445
tcp,458
tcp,464
tcp,465
tcp,481
tcp,497
tcp,500
tcp,512
tcp,513
tcp,514
tcp,515
tcp,524
tcp,541
tcp,543
tcp,544
tcp,545
tcp,548
tcp,554
tcp,555
tcp,563
tcp,587
tcp,593
tcp,616
tcp,617
tcp,625
tcp,631
tcp,636
tcp,646
tcp,648
tcp,666
tcp,667
tcp,668
tcp,683
tcp,687
tcp,691
tcp,700
tcp,705
tcp,711
tcp,714
tcp,720
tcp,722
tcp,726
tcp,749
tcp,765
tcp,777
tcp,783
tcp,787
tcp,800
tcp,801
tcp,808
tcp,843
tcp,873
tcp,880
tcp,888
tcp,898
tcp,900
tcp,901
tcp,902
tcp,903
tcp,911
tcp,912
tcp,981
tcp,987
tcp,990
tcp,992
tcp,993
tcp,995
tcp,999
tcp,1000
tcp,1001
tcp,1002
tcp,1007
tcp,1009
tcp,1010
tcp,1011
tcp,1021
tcp,1022
tcp,1023
tcp,1024
tcp,1025
tcp,1026
tcp,1027
tcp,1028
tcp,1029
tcp,1030
tcp,1031
tcp,1032
tcp,1033
tcp,1034
tcp,1035
tcp,1036
tcp,1037
tcp,1038
tcp,1039
tcp,1040
tcp,1041
tcp,1042
tcp,1043
tcp,1044
tcp,1045
tcp,1046
tcp,1047
tcp,1048
tcp,1049
tcp,1050
tcp,1051
tcp,1052
tcp,1053
tcp,1054
tcp,1055
tcp,1056
tcp,1057
tcp,1058
tcp,1059
tcp,1060
tcp,1061
tcp,1062
tcp,1063
tcp,1064
tcp,1065
tcp,1066
tcp,1067
tcp,1068
tcp,1069
tcp,1070
tcp,1071
tcp,1072
tcp,1073
tcp,1074
tcp,1075
tcp,1076
tcp,1077
tcp,1078
tcp,1079
tcp,1080
tcp,1081
tcp,1082
tcp,1083
tcp,1084
tcp,1085
tcp,1086
tcp,1087
tcp,1088
tcp,1089
tcp,1090
tcp,1091
tcp,1092
tcp,1093
tcp,1094
tcp,1095
tcp,1096
tcp,1097
tcp,1098
tcp,1099
tcp,1100
tcp,1102
tcp,1104
tcp,1105
tcp,1106
tcp,1107
tcp,1108
tcp,1110
tcp,1111
tcp,1112
tcp,1113
tcp,1114
tcp,1117
tcp,1119
tcp,1121
tcp,1122
tcp,1123
tcp,1124
tcp,1126
tcp,1130
tcp,1131
tcp,1132
tcp,1137
tcp,1138
tcp,1141
tcp,1145
tcp,1147
tcp,1148
tcp,1149
tcp,1151
tcp,1152
tcp,1154
tcp,1163
tcp,1164
tcp,1165
tcp,1166
tcp,1169
tcp,1174
tcp,1175
tcp,1183
tcp,1185
tcp,1186
tcp,1187
tcp,1192
tcp,1198
tcp,1199
tcp,1201
tcp,1213
tcp,1216
tcp,1217
tcp,1218
tcp,1233
tcp,1234
tcp,1236
tcp,1244
tcp,1247
tcp,1248
tcp,1259
tcp,1271
tcp,1272
tcp,1277
tcp,1287
tcp,1296
tcp,1300
tcp,1301
tcp,1309
tcp,1310
tcp,1311
tcp,1322
tcp,1328
tcp,1334
tcp,1352
tcp,1417
tcp,1433
tcp,1434
tcp,1443
tcp,1455
tcp,1461
tcp,1494
tcp,1500
tcp,1501
tcp,1503
tcp,1521
tcp,1524
tcp,1533
tcp,1556
tcp,1580
tcp,1583
tcp,1594
tcp,1600
tcp,1641
tcp,1658
tcp,1666
tcp,1687
tcp,1688
tcp,1700
tcp,1717
tcp,1718
tcp,1719
tcp,1720
tcp,1721
tcp,1723
tcp,1755
tcp,1761
tcp,1782
tcp,1783
tcp,1801
tcp,1805
tcp,1812
tcp,1839
tcp,1840
tcp,1862
tcp,1863
tcp,1864
tcp,1875
tcp,1900
tcp,1914
tcp,1935
tcp,1947
tcp,1971
tcp,1972
tcp,1974
tcp,1984
tcp,1998
tcp,1999
tcp,2000
tcp,2001
tcp,2002
tcp,2003
tcp,2004
tcp,2005
tcp,2006
tcp,2007
tcp,2008
tcp,2009
tcp,2010
tcp,2013
tcp,2020
tcp,2021
tcp,2022
tcp,2030
tcp,2033
tcp,2034
tcp,2035
tcp,2038
tcp,2040
tcp,2041
tcp,2042
tcp,2043
tcp,2045
tcp,2046
tcp,2047
tcp,2048
tcp,2049
tcp,2065
tcp,2068
tcp,2099
tcp,2100
tcp,2103
tcp,2105
tcp,2106
tcp,2107
tcp,2111
tcp,2119
tcp,2121
tcp,2126
tcp,2135
tcp,2144
tcp,2160
tcp,2161
tcp,2170
tcp,2179
tcp,2190
tcp,2191
tcp,2196
tcp,2200
tcp,2222
tcp,2251
tcp,2260
tcp,2288
tcp,2301
tcp,2323
tcp,2366
tcp,2381
tcp,2382
tcp,2383
tcp,2393
tcp,2394
tcp,2399
tcp,2401
tcp,2492
tcp,2500
tcp,2522
tcp,2525
tcp,2557
tcp,2601
tcp,2602
tcp,2604
tcp,2605
tcp,2607
tcp,2608
tcp,2638
tcp,2701
tcp,2702
tcp,2710
tcp,2717
tcp,2718
tcp,2725
tcp,2800
tcp,2809
tcp,2811
tcp,2869
tcp,2875
tcp,2909
tcp,2910
tcp,2920
tcp,2967
tcp,2968
tcp,2998
tcp,3000
tcp,3001
tcp,3003
tcp,3005
tcp,3006
tcp,3007
tcp,3011
tcp,3013
tcp,3017
tcp,3030
tcp,3031
tcp,3052
tcp,3071
tcp,3077
tcp,3128
tcp,3168
tcp,3211
tcp,3221
tcp,3260
tcp,3261
tcp,3268
tcp,3269
tcp,3283
tcp,3300
tcp,3301
tcp,3306
tcp,3322
tcp,3323
tcp,3324
tcp,3325
tcp,3333
tcp,3351
tcp,3367
tcp,3369
tcp,3370
tcp,3371
tcp,3372
tcp,3389
tcp,3390
tcp,3404
tcp,3476
tcp,3493
tcp,3517
tcp,3527
tcp,3546
tcp,3551
tcp,3580
tcp,3659
tcp,3689
tcp,3690
tcp,3703
tcp,3737
tcp,3766
tcp,3784
tcp,3800
tcp,3801
tcp,3809
tcp,3814
tcp,3826
tcp,3827
tcp,3828
tcp,3851
tcp,3869
tcp,3871
tcp,3878
tcp,3880
tcp,3889
tcp,3905
tcp,3914
tcp,3918
tcp,3920
tcp,3945
tcp,3971
tcp,3986
tcp,3995
tcp,3998
tcp,4000
tcp,4001
tcp,4002
tcp,4003
tcp,4004
tcp,4005
tcp,4006
tcp,4045
tcp,4111
tcp,4125
tcp,4126
tcp,4129
tcp,4224
tcp,4242
tcp,4279
tcp,4321
tcp,4343
tcp,4443
tcp,4444
tcp,4445
tcp,4446
tcp,4449
tcp,4550
tcp,4567
tcp,4662
tcp,4848
tcp,4899
tcp,4900
tcp,4998
tcp,5000
tcp,5001
tcp,5002
tcp,5003
tcp,5004
tcp,5009
tcp,5030
tcp,5033
tcp,5050
tcp,5051
tcp,5054
tcp,5060
tcp,5061
tcp,5080
tcp,5087
tcp,5100
tcp,5101
tcp,5102
tcp,5120
tcp,5190
tcp,5200
tcp,5214
tcp,5221
tcp,5222
tcp,5225
tcp,5226
tcp,5269
tcp,5280
tcp,5298
tcp,5357
tcp,5405
tcp,5414
tcp,5431
tcp,5432
tcp,5440
tcp,5500
tcp,5510
tcp,5544
tcp,5550
tcp,5555
tcp,5560
tcp,5566
tcp,5631
tcp,5633
tcp,5666
tcp,5678
tcp,5679
tcp,5718
tcp,5730
tcp,5800
tcp,5801
tcp,5802
tcp,5810
tcp,5811
tcp,5815
tcp,5822
tcp,5825
tcp,5850
tcp,5859
tcp,5862
tcp,5877
tcp,5900
tcp,5901
tcp,5902
tcp,5903
tcp,5904
tcp,5906
tcp,5907
tcp,5910
tcp,5911
tcp,5915
tcp,5922
tcp,5925
tcp,5950
tcp,5952
tcp,5959
tcp,5960
tcp,5961
tcp,5962
tcp,5963
tcp,5987
tcp,5988
tcp,5989
tcp,5998
tcp,5999
tcp,6000
tcp,6001
tcp,6002
tcp,6003
tcp,6004
tcp,6005
tcp,6006
tcp,6007
tcp,6009
tcp,6025
tcp,6059
tcp,6100
tcp,6101
tcp,6106
tcp,6112
tcp,6123
tcp,6129
tcp,6156
tcp,6346
tcp,6389
tcp,6502
tcp,6510
tcp,6543
tcp,6547
tcp,6565
tcp,6566
tcp,6567
tcp,6580
tcp,6646
tcp,6666
tcp,6667
tcp,6668
tcp,6669
tcp,6689
tcp,6692
tcp,6699
tcp,6779
tcp,6788
tcp,6789
tcp,6792
tcp,6839
tcp,6881
tcp,6901
tcp,6969
tcp,7000
tcp,7001
tcp,7002
tcp,7004
tcp,7007
tcp,7019
tcp,7025
tcp,7070
tcp,7100
tcp,7103
tcp,7106
tcp,7200
tcp,7201
tcp,7402
tcp,7435
tcp,7443
tcp,7496
tcp,7512
tcp,7625
tcp,7627
tcp,7676
tcp,7741
tcp,7777
tcp,7778
tcp,7800
tcp,7911
tcp,7920
tcp,7921
tcp,7937
tcp,7938
tcp,7999
tcp,8000
tcp,8001
tcp,8002
tcp,8007
tcp,8008
tcp,8009
tcp,8010
tcp,8011
tcp,8021
tcp,8022
tcp,8031
tcp,8042
tcp,8045
tcp,8080
tcp,8081
tcp,8082
tcp,8083
tcp,8084
tcp,8085
tcp,8086
tcp,8087
tcp,8088
tcp,8089
tcp,8090
tcp,8093
tcp,8099
tcp,8100
tcp,8180
tcp,8181
tcp,8192
tcp,8193
tcp,8194
tcp,8200
tcp,8222
tcp,8254
tcp,8290
tcp,8291
tcp,8292
tcp,8300
tcp,8333
tcp,8383
tcp,8400
tcp,8402
tcp,8443
tcp,8500
tcp,8600
tcp,8649
tcp,8651
tcp,8652
tcp,8654
tcp,8701
tcp,8800
tcp,8873
tcp,8888
tcp,8899
tcp,8994
tcp,9000
tcp,9001
tcp,9002
tcp,9003
tcp,9009
tcp,9010
tcp,9011
tcp,9040
tcp,9050
tcp,9071
tcp,9080
tcp,9081
tcp,9090
tcp,9091
tcp,9099
tcp,9100
tcp,9101
tcp,9102
tcp,9103
tcp,9110
tcp,9111
tcp,9200
tcp,9207
tcp,9220
tcp,9290
tcp,9415
tcp,9418
tcp,9485
tcp,9500
tcp,9502
tcp,9503
tcp,9535
tcp,9575
tcp,9593
tcp,9594
tcp,9595
tcp,9618
tcp,9666
tcp,9876
tcp,9877
tcp,9878
tcp,9898
tcp,9900
tcp,9917
tcp,9929
tcp,9943
tcp,9944
tcp,9968
tcp,9998
tcp,9999
tcp,10000
tcp,10001
tcp,10002
tcp,10003
tcp,10004
tcp,10009
tcp,10010
tcp,10012
tcp,10024
tcp,10025
tcp,10082
tcp,10180
tcp,10215
tcp,10243
tcp,10566
tcp,10616
tcp,10617
tcp,10621
tcp,10626
tcp,10628
tcp,10629
tcp,10778
tcp,11110
tcp,11111
tcp,11967
tcp,12000
tcp,12174
tcp,12265
tcp,12345
tcp,13456
tcp,13722
tcp,13782
tcp,13783
tcp,14000
tcp,14238
tcp,14441
tcp,14442
tcp,15000
tcp,15002
tcp,15003
tcp,15004
tcp,15660
tcp,15742
tcp,16000
tcp,16001
tcp,16012
tcp,16016
tcp,16018
tcp,16080
tcp,16113
tcp,16992
tcp,16993
tcp,17877
tcp,17988
tcp,18040
tcp,18101
tcp,18988
tcp,19101
tcp,19283
tcp,19315
tcp,19350
tcp,19780
tcp,19801
tcp,19842
tcp,20000
tcp,20005
tcp,20031
tcp,20221
tcp,20222
tcp,20828
tcp,21571
tcp,22939
tcp,23502
tcp,24444
tcp,24800
tcp,25734
tcp,25735
tcp,26214
tcp,27000
tcp,27352
tcp,27353
tcp,27355
tcp,27356
tcp,27715
tcp,28201
tcp,30000
tcp,30718
tcp,30951
tcp,31038
tcp,31337
tcp,32768
tcp,32769
tcp,32770
tcp,32771
tcp,32772
tcp,32773
tcp,32774
tcp,32775
tcp,32776
tcp,32777
tcp,32778
tcp,32779
tcp,32780
tcp,32781
tcp,32782
tcp,32783
tcp,32784
tcp,32785
tcp,33354
tcp,33899
tcp,34571
tcp,34572
tcp,34573
tcp,35500
tcp,38292
tcp,40193
tcp,40911
tcp,41511
tcp,42510
tcp,44176
tcp,44442
tcp,44443
tcp,44501
tcp,45100
tcp,48080
tcp,49152
tcp,49153
tcp,49154
tcp,49155
tcp,49156
tcp,49157
tcp,49158
tcp,49159
tcp,49160
tcp,49161
tcp,49163
tcp,49165
tcp,49167
tcp,49175
tcp,49176
tcp,49400
tcp,49999
tcp,50000
tcp,50001
tcp,50002
tcp,50003
tcp,50006
tcp,50300
tcp,50389
tcp,50500
tcp,50636
tcp,50800
tcp,51103
tcp,51493
tcp,52673
tcp,52822
tcp,52848
tcp,52869
tcp,54045
tcp,54328
tcp,55055
tcp,55056
tcp,55555
tcp,55600
tcp,56737
tcp,56738
tcp,57294
tcp,57797
tcp,58080
tcp,60020
tcp,60443
tcp,61532
tcp,61900
tcp,62078
tcp,63331
tcp,64623
tcp,64680
tcp,65000
tcp,65129
tcp,65389
udp,2
udp,3
udp,7
udp,9
udp,13
udp,17
udp,19
udp,20
udp,21
udp,22
udp,23
udp,37
udp,38
udp,42
udp,49
udp,53
udp,67
udp,68
udp,69
udp,80
udp,88
udp,111
udp,112
udp,113
udp,120
udp,123
udp,135
udp,136
udp,137
udp,138
udp,139
udp,158
udp,161
udp,162
udp,177
udp,192
udp,199
udp,207
udp,217
udp,363
udp,389
udp,402
udp,407
udp,427
udp,434
udp,443
udp,445
udp,464
udp,497
udp,500
udp,502
udp,512
udp,513
udp,514
udp,515
udp,517
udp,518
udp,520
udp,539
udp,559
udp,593
udp,623
udp,626
udp,631
udp,639
udp,643
udp,657
udp,664
udp,682
udp,683
udp,684
udp,685
udp,686
udp,687
udp,688
udp,689
udp,764
udp,767
udp,772
udp,773
udp,774
udp,775
udp,776
udp,780
udp,781
udp,782
udp,786
udp,789
udp,800
udp,814
udp,826
udp,829
udp,838
udp,902
udp,903
udp,944
udp,959
udp,965
udp,983
udp,989
udp,990
udp,996
udp,997
udp,998
udp,999
udp,1000
udp,1001
udp,1007
udp,1008
udp,1012
udp,1013
udp,1014
udp,1019
udp,1020
udp,1021
udp,1022
udp,1023
udp,1024
udp,1025
udp,1026
udp,1027
udp,1028
udp,1029
udp,1030
udp,1031
udp,1032
udp,1033
udp,1034
udp,1035
udp,1036
udp,1037
udp,1038
udp,1039
udp,1040
udp,1041
udp,1042
udp,1043
udp,1044
udp,1045
udp,1046
udp,1047
udp,1048
udp,1049
udp,1050
udp,1051
udp,1053
udp,1054
udp,1055
udp,1056
udp,1057
udp,1058
udp,1059
udp,1060
udp,1064
udp,1065
udp,1066
udp,1067
udp,1068
udp,1069
udp,1070
udp,1072
udp,1080
udp,1081
udp,1087
udp,1088
udp,1090
udp,1100
udp,1101
udp,1105
udp,1124
udp,1200
udp,1214
udp,1234
udp,1346
udp,1419
udp,1433
udp,1434
udp,1455
udp,1457
udp,1484
udp,1485
udp,1524
udp,1645
udp,1646
udp,1701
udp,1718
udp,1719
udp,1761
udp,1782
udp,1804
udp,1812
udp,1813
udp,1885
udp,1886
udp,1900
udp,1901
udp,1993
udp,2000
udp,2002
udp,2048
udp,2049
udp,2051
udp,2148
udp,2160
udp,2161
udp,2222
udp,2223
udp,2343
udp,2345
udp,2362
udp,2967
udp,3052
udp,3130
udp,3283
udp,3296
udp,3343
udp,3389
udp,3401
udp,3456
udp,3457
udp,3659
udp,3664
udp,3702
udp,3703
udp,4000
udp,4008
udp,4045
udp,4444
udp,4500
udp,4666
udp,4672
udp,5000
udp,5001
udp,5002
udp,5003
udp,5010
udp,5050
udp,5060
udp,5093
udp,5351
udp,5353
udp,5355
udp,5500
udp,5555
udp,5632
udp,6000
udp,6001
udp,6002
udp,6004
udp,6050
udp,6346
udp,6347
udp,6970
udp,6971
udp,7000
udp,7938
udp,8000
udp,8001
udp,8010
udp,8181
udp,8193
udp,8900
udp,9000
udp,9001
udp,9020
udp,9103
udp,9199
udp,9200
udp,9370
udp,9876
udp,9877
udp,9950
udp,10000
udp,10080
udp,11487
udp,16086
udp,16402
udp,16420
udp,16430
udp,16433
udp,16449
udp,16498
udp,16503
udp,16545
udp,16548
udp,16573
udp,16674
udp,16680
udp,16697
udp,16700
udp,16708
udp,16711
udp,16739
udp,16766
udp,16779
udp,16786
udp,16816
udp,16829
udp,16832
udp,16838
udp,16839
udp,16862
udp,16896
udp,16912
udp,16918
udp,16919
udp,16938
udp,16939
udp,16947
udp,16948
udp,16970
udp,16972
udp,16974
udp,17006
udp,17018
udp,17077
udp,17091
udp,17101
udp,17146
udp,17184
udp,17185
udp,17205
udp,17207
udp,17219
udp,17236
udp,17237
udp,17282
udp,17302
udp,17321
udp,17331
udp,17332
udp,17338
udp,17359
udp,17417
udp,17423
udp,17424
udp,17455
udp,17459
udp,17468
udp,17487
udp,17490
udp,17494
udp,17505
udp,17533
udp,17549
udp,17573
udp,17580
udp,17585
udp,17592
udp,17605
udp,17615
udp,17616
udp,17629
udp,17638
udp,17663
udp,17673
udp,17674
udp,17683
udp,17726
udp,17754
udp,17762
udp,17787
udp,17814
udp,17823
udp,17824
udp,17836
udp,17845
udp,17888
udp,17939
udp,17946
udp,17989
udp,18004
udp,18081
udp,18113
udp,18134
udp,18156
udp,18228
udp,18234
udp,18250
udp,18255
udp,18258
udp,18319
udp,18331
udp,18360
udp,18373
udp,18449
udp,18485
udp,18543
udp,18582
udp,18605
udp,18617
udp,18666
udp,18669
udp,18676
udp,18683
udp,18807
udp,18818
udp,18821
udp,18830
udp,18832
udp,18835
udp,18869
udp,18883
udp,18888
udp,18958
udp,18980
udp,18985
udp,18987
udp,18991
udp,18994
udp,18996
udp,19017
udp,19022
udp,19039
udp,19047
udp,19075
udp,19096
udp,19120
udp,19130
udp,19140
udp,19141
udp,19154
udp,19161
udp,19165
udp,19181
udp,19193
udp,19197
udp,19222
udp,19227
udp,19273
udp,19283
udp,19294
udp,19315
udp,19322
udp,19332
udp,19374
udp,19415
udp,19482
udp,19489
udp,19500
udp,19503
udp,19504
udp,19541
udp,19600
udp,19605
udp,19616
udp,19624
udp,19625
udp,19632
udp,19639
udp,19647
udp,19650
udp,19660
udp,19662
udp,19663
udp,19682
udp,19683
udp,19687
udp,19695
udp,19707
udp,19717
udp,19718
udp,19719
udp,19722
udp,19728
udp,19789
udp,19792
udp,19933
udp,19935
udp,19936
udp,19956
udp,19995
udp,19998
udp,20003
udp,20004
udp,20019
udp,20031
udp,20082
udp,20117
udp,20120
udp,20126
udp,20129
udp,20146
udp,20154
udp,20164
udp,20206
udp,20217
udp,20249
udp,20262
udp,20279
udp,20288
udp,20309
udp,20313
udp,20326
udp,20359
udp,20360
udp,20366
udp,20380
udp,20389
udp,20409
udp,20411
udp,20423
udp,20424
udp,20425
udp,20445
udp,20449
udp,20464
udp,20465
udp,20518
udp,20522
udp,20525
udp,20540
udp,20560
udp,20665
udp,20678
udp,20679
udp,20710
udp,20717
udp,20742
udp,20752
udp,20762
udp,20791
udp,20817
udp,20842
udp,20848
udp,20851
udp,20865
udp,20872
udp,20876
udp,20884
udp,20919
udp,21000
udp,21016
udp,21060
udp,21083
udp,21104
udp,21111
udp,21131
udp,21167
udp,21186
udp,21206
udp,21207
udp,21212
udp,21247
udp,21261
udp,21282
udp,21298
udp,21303
udp,21318
udp,21320
udp,21333
udp,21344
udp,21354
udp,21358
udp,21360
udp,21364
udp,21366
udp,21383
udp,21405
udp,21454
udp,21468
udp,21476
udp,21514
udp,21524
udp,21525
udp,21556
udp,21566
udp,21568
udp,21576
udp,21609
udp,21621
udp,21625
udp,21644
udp,21649
udp,21655
udp,21663
udp,21674
udp,21698
udp,21702
udp,21710
udp,21742
udp,21780
udp,21784
udp,21800
udp,21803
udp,21834
udp,21842
udp,21847
udp,21868
udp,21898
udp,21902
udp,21923
udp,21948
udp,21967
udp,22029
udp,22043
udp,22045
udp,22053
udp,22055
udp,22105
udp,22109
udp,22123
udp,22124
udp,22341
udp,22692
udp,22695
udp,22739
udp,22799
udp,22846
udp,22914
udp,22986
udp,22996
udp,23040
udp,23176
udp,23354
udp,23531
udp,23557
udp,23608
udp,23679
udp,23781
udp,23965
udp,23980
udp,24007
udp,24279
udp,24511
udp,24594
udp,24606
udp,24644
udp,24854
udp,24910
udp,25003
udp,25157
udp,25240
udp,25280
udp,25337
udp,25375
udp,25462
udp,25541
udp,25546
udp,25709
udp,25931
udp,26407
udp,26415
udp,26720
udp,26872
udp,26966
udp,27015
udp,27195
udp,27444
udp,27473
udp,27482
udp,27707
udp,27892
udp,27899
udp,28122
udp,28369
udp,28465
udp,28493
udp,28543
udp,28547
udp,28641
udp,28840
udp,28973
udp,29078
udp,29243
udp,29256
udp,29810
udp,29823
udp,29977
udp,30263
udp,30303
udp,30365
udp,30544
udp,30656
udp,30697
udp,30704
udp,30718
udp,30975
udp,31059
udp,31073
udp,31109
udp,31189
udp,31195
udp,31335
udp,31337
udp,31365
udp,31625
udp,31681
udp,31731
udp,31891
udp,32345
udp,32385
udp,32528
udp,32768
udp,32769
udp,32770
udp,32771
udp,32772
udp,32773
udp,32774
udp,32775
udp,32776
udp,32777
udp,32778
udp,32779
udp,32780
udp,32798
udp,32815
udp,32818
udp,32931
udp,33030
udp,33249
udp,33281
udp,33354
udp,33355
udp,33459
udp,33717
udp,33744
udp,33866
udp,33872
udp,34038
udp,34079
udp,34125
udp,34358
udp,34422
udp,34433
udp,34555
udp,34570
udp,34577
udp,34578
udp,34579
udp,34580
udp,34758
udp,34796
udp,34855
udp,34861
udp,34862
udp,34892
udp,35438
udp,35702
udp,35777
udp,35794
udp,36108
udp,36206
udp,36384
udp,36458
udp,36489
udp,36669
udp,36778
udp,36893
udp,36945
udp,37144
udp,37212
udp,37393
udp,37444
udp,37602
udp,37761
udp,37783
udp,37813
udp,37843
udp,38037
udp,38063
udp,38293
udp,38412
udp,38498
udp,38615
udp,39213
udp,39217
udp,39632
udp,39683
udp,39714
udp,39723
udp,39888
udp,40019
udp,40116
udp,40441
udp,40539
udp,40622
udp,40708
udp,40711
udp,40724
udp,40732
udp,40805
udp,40847
udp,40866
udp,40915
udp,41058
udp,41081
udp,41308
udp,41370
udp,41446
udp,41524
udp,41638
udp,41702
udp,41774
udp,41896
udp,41967
udp,41971
udp,42056
udp,42172
udp,42313
udp,42431
udp,42434
udp,42508
udp,42557
udp,42577
udp,42627
udp,42639
udp,43094
udp,43195
udp,43370
udp,43514
udp,43686
udp,43824
udp,43967
udp,44101
udp,44160
udp,44179
udp,44185
udp,44190
udp,44253
udp,44334
udp,44508
udp,44923
udp,44946
udp,44968
udp,45247
udp,45380
udp,45441
udp,45685
udp,45722
udp,45818
udp,45928
udp,46093
udp,46532
udp,46836
udp,47624
udp,47765
udp,47772
udp,47808
udp,47915
udp,47981
udp,48078
udp,48189
udp,48255
udp,48455
udp,48489
udp,48761
udp,49152
udp,49153
udp,49154
udp,49155
udp,49156
udp,49157
udp,49158
udp,49159
udp,49160
udp,49161
udp,49162
udp,49163
udp,49165
udp,49166
udp,49167
udp,49168
udp,49169
udp,49170
udp,49171
udp,49172
udp,49173
udp,49174
udp,49175
udp,49176
udp,49177
udp,49178
udp,49179
udp,49180
udp,49181
udp,49182
udp,49184
udp,49185
udp,49186
udp,49187
udp,49188
udp,49189
udp,49190
udp,49191
udp,49192
udp,49193
udp,49194
udp,49195
udp,49196
udp,49197
udp,49198
udp,49199
udp,49200
udp,49201
udp,49202
udp,49204
udp,49205
udp,49207
udp,49208
udp,49209
udp,49210
udp,49211
udp,49212
udp,49213
udp,49214
udp,49215
udp,49216
udp,49220
udp,49222
udp,49226
udp,49259
udp,49262
udp,49306
udp,49350
udp,49360
udp,49393
udp,49396
udp,49503
udp,49640
udp,49968
udp,50099
udp,50164
udp,50497
udp,50612
udp,50708
udp,50919
udp,51255
udp,51456
udp,51554
udp,51586
udp,51690
udp,51717
udp,51905
udp,51972
udp,52144
udp,52225
udp,52503
udp,53006
udp,53037
udp,53571
udp,53589
udp,53838
udp,54094
udp,54114
udp,54281
udp,54321
udp,54711
udp,54807
udp,54925
udp,55043
udp,55544
udp,55587
udp,56141
udp,57172
udp,57409
udp,57410
udp,57813
udp,57843
udp,57958
udp,57977
udp,58002
udp,58075
udp,58178
udp,58419
udp,58631
udp,58640
udp,58797
udp,59193
udp,59207
udp,59765
udp,59846
udp,60172
udp,60381
udp,60423
udp,61024
udp,61142
udp,61319
udp,61322
udp,61370
udp,61412
udp,61481
udp,61550
udp,61685
udp,61961
udp,62154
udp,62287
udp,62575
udp,62677
udp,62699
udp,62958
udp,63420
udp,63555
udp,64080
udp,64481
udp,64513
udp,64590
udp,64727
udp,65024
